"Source:","/home/nic/CosmicWatch-ventidue/kicad/CosmicWatch-ventidue.kicad_sch"
"Date:","Wed 10 Aug 2022 09:05:06 CEST"
"Tool:","Eeschema 6.0.6-1.fc36"
"Generator:","/usr/share/kicad/plugins/bom_csv_grouped_by_value.py"
"Component Count:","115"

"Individual Components:"

"Item","Qty","Reference(s)","Value","LibPart","Footprint","Datasheet","LCSC","MANUFACTURER","MAXIMUM_PACKAGE_HEIGHT","PARTREV","STANDARD"
"","","BT401","Battery_Cell","Device:Battery_Cell","Connector_Molex:Molex_PicoBlade_53047-0210_1x02_P1.25mm_Vertical","~","C518987","","","",""
"","","BZ101","Buzzer","Device:Buzzer","Buzzer_Beeper:Buzzer_TDK_PS1240P02BT_D12.2mm_H6.5mm","~","C76871","","","",""
"","","C201","10nF","Device:C","Capacitor_SMD:C_0805_2012Metric_Pad1.18x1.45mm_HandSolder","~","C24666","","","",""
"","","C202","0.1uF","Device:C","Capacitor_SMD:C_0805_2012Metric_Pad1.18x1.45mm_HandSolder","~","C89258","","","",""
"","","C203","1uF","Device:C","Capacitor_SMD:C_0805_2012Metric_Pad1.18x1.45mm_HandSolder","~","C89190","","","",""
"","","C204","10nF","Device:C","Capacitor_SMD:C_0805_2012Metric_Pad1.18x1.45mm_HandSolder","~","C24666","","","",""
"","","C205","10nF","Device:C","Capacitor_SMD:C_0805_2012Metric_Pad1.18x1.45mm_HandSolder","~","C24666","","","",""
"","","C206","0.1uF","Device:C","Capacitor_SMD:C_0805_2012Metric_Pad1.18x1.45mm_HandSolder","~","C89258","","","",""
"","","C207","10nF","Device:C","Capacitor_SMD:C_0805_2012Metric_Pad1.18x1.45mm_HandSolder","~","C24666","","","",""
"","","C208","13pF","Device:C","Capacitor_SMD:C_0805_2012Metric_Pad1.18x1.45mm_HandSolder","~","C501858","","","",""
"","","C209","13pF","Device:C","Capacitor_SMD:C_0805_2012Metric_Pad1.18x1.45mm_HandSolder","~","C501858","","","",""
"","","C210","1uF","Device:C","Capacitor_SMD:C_0805_2012Metric_Pad1.18x1.45mm_HandSolder","~","C89190","","","",""
"","","C211","2nF","Device:C","Capacitor_SMD:C_0805_2012Metric_Pad1.18x1.45mm_HandSolder","~","C51574","","","",""
"","","C212","2nF","Device:C","Capacitor_SMD:C_0805_2012Metric_Pad1.18x1.45mm_HandSolder","~","C51574","","","",""
"","","C301","10nF","Device:C","Capacitor_SMD:C_0805_2012Metric_Pad1.18x1.45mm_HandSolder","~","C24666","","","",""
"","","C302","0.1uF","Device:C","Capacitor_SMD:C_0805_2012Metric_Pad1.18x1.45mm_HandSolder","~","C89258","","","",""
"","","C303","1uF","Device:C","Capacitor_SMD:C_0805_2012Metric_Pad1.18x1.45mm_HandSolder","~","C89190","","","",""
"","","C304","10nF","Device:C","Capacitor_SMD:C_0805_2012Metric_Pad1.18x1.45mm_HandSolder","~","C24666","","","",""
"","","C305","10nF","Device:C","Capacitor_SMD:C_0805_2012Metric_Pad1.18x1.45mm_HandSolder","~","C24666","","","",""
"","","C306","0.1uF","Device:C","Capacitor_SMD:C_0805_2012Metric_Pad1.18x1.45mm_HandSolder","~","C89258","","","",""
"","","C307","10nF","Device:C","Capacitor_SMD:C_0805_2012Metric_Pad1.18x1.45mm_HandSolder","~","C24666","","","",""
"","","C308","13pF","Device:C","Capacitor_SMD:C_0805_2012Metric_Pad1.18x1.45mm_HandSolder","~","C501858","","","",""
"","","C309","13pF","Device:C","Capacitor_SMD:C_0805_2012Metric_Pad1.18x1.45mm_HandSolder","~","C501858","","","",""
"","","C310","1uF","Device:C","Capacitor_SMD:C_0805_2012Metric_Pad1.18x1.45mm_HandSolder","~","C89190","","","",""
"","","C311","2nF","Device:C","Capacitor_SMD:C_0805_2012Metric_Pad1.18x1.45mm_HandSolder","~","C51574","","","",""
"","","C312","2nF","Device:C","Capacitor_SMD:C_0805_2012Metric_Pad1.18x1.45mm_HandSolder","~","C51574","","","",""
"","","C401","1uF","Device:C","Capacitor_SMD:C_0805_2012Metric_Pad1.18x1.45mm_HandSolder","~","C89190","","","",""
"","","C402","1uF","Device:C","Capacitor_SMD:C_0805_2012Metric_Pad1.18x1.45mm_HandSolder","~","C89190","","","",""
"","","C403","1uF","Device:C","Capacitor_SMD:C_0805_2012Metric_Pad1.18x1.45mm_HandSolder","~","C89190","","","",""
"","","C404","1uF","Device:C","Capacitor_SMD:C_0805_2012Metric_Pad1.18x1.45mm_HandSolder","~","C89190","","","",""
"","","C405","1uF, 50V","Device:C","Capacitor_SMD:C_0805_2012Metric_Pad1.18x1.45mm_HandSolder","~","C111768","","","",""
"","","C406","1uF, 50V","Device:C","Capacitor_SMD:C_0805_2012Metric_Pad1.18x1.45mm_HandSolder","~","C111768","","","",""
"","","C407","10nF, 50V","Device:C","Capacitor_SMD:C_0805_2012Metric_Pad1.18x1.45mm_HandSolder","~","C83170","","","",""
"","","C501","0.1uF","Device:C","Capacitor_SMD:C_0805_2012Metric_Pad1.18x1.45mm_HandSolder","~","C89258","","","",""
"","","D101","BAS70XY","CosmicWatchPro:BAS70XY","CosmicWatchPro:SOT-666","~","C73592","","","",""
"","","D201","SiPM_MICRORB−60035−MLP","CosmicWatchPro:SiPM_MICRORB−10035−MLP","CosmicWatchPro:SiPM_MICROFC-60035-SMT-HANDSOLDER","~","C905854","","","",""
"","","D202","BAS70XY","CosmicWatchPro:BAS70XY","CosmicWatchPro:SOT-666","~","C73592","","","",""
"","","D301","SiPM_MICRORB−60035−MLP","CosmicWatchPro:SiPM_MICRORB−10035−MLP","CosmicWatchPro:SiPM_MICROFC-60035-SMT-HANDSOLDER","~","C905854","","","",""
"","","D302","BAS70XY","CosmicWatchPro:BAS70XY","CosmicWatchPro:SOT-666","~","C73592","","","",""
"","","D401","D_Schottky","Device:D_Schottky","Diode_SMD:D_SOD-123","~","C1884550","","","",""
"","","J101","Conn_01x05","Connector_Generic:Conn_01x05","Connector_PinHeader_2.54mm:PinHeader_1x05_P2.54mm_Vertical_SMD_Pin1Right","~","","","","",""
"","","J102","Conn_01x07","Connector_Generic:Conn_01x07","Connector_PinHeader_2.54mm:PinHeader_1x07_P2.54mm_Vertical_SMD_Pin1Right","~","","","","",""
"","","J103","Conn_01x05","Connector_Generic:Conn_01x05","Connector_PinHeader_2.54mm:PinHeader_1x05_P2.54mm_Vertical_SMD_Pin1Right","~","","","","",""
"","","J104","Conn_01x07","Connector_Generic:Conn_01x07","Connector_PinHeader_2.54mm:PinHeader_1x07_P2.54mm_Vertical_SMD_Pin1Right","~","","","","",""
"","","J105","Conn_01x05","Connector_Generic:Conn_01x05","Connector_PinSocket_2.54mm:PinSocket_1x05_P2.54mm_Vertical","~","","","","",""
"","","J106","Conn_01x07","Connector_Generic:Conn_01x07","Connector_PinSocket_2.54mm:PinSocket_1x07_P2.54mm_Vertical","~","","","","",""
"","","J107","Conn_01x05","Connector_Generic:Conn_01x05","Connector_PinSocket_2.54mm:PinSocket_1x05_P2.54mm_Vertical","~","","","","",""
"","","J108","Conn_01x07","Connector_Generic:Conn_01x07","Connector_PinSocket_2.54mm:PinSocket_1x07_P2.54mm_Vertical","~","","","","",""
"","","J109","BMP280","Connector_Generic:Conn_01x04","Connector_PinSocket_2.54mm:PinSocket_1x04_P2.54mm_Vertical","~","","","","",""
"","","J110","Mini GPS","Connector_Generic:Conn_01x06","Connector_PinSocket_2.54mm:PinSocket_1x06_P2.54mm_Vertical","~","","","","",""
"","","J111","OLED","Connector_Generic:Conn_01x07","Connector_PinSocket_2.54mm:PinSocket_1x07_P2.54mm_Vertical","~","","","","",""
"","","J112","DS3231","Connector_Generic:Conn_01x05","Connector_PinHeader_2.54mm:PinHeader_1x05_P2.54mm_Vertical","~","","","","",""
"","","J201","Conn_SMA","CosmicWatchPro:Conn_SMA","Connector_Coaxial:U.FL_Molex_MCRF_73412-0110_Vertical"," ~","C88374","","","",""
"","","J202","Conn_SMA","CosmicWatchPro:Conn_SMA","Connector_Coaxial:U.FL_Molex_MCRF_73412-0110_Vertical"," ~","C88374","","","",""
"","","J203","Conn_SMA","CosmicWatchPro:Conn_SMA","Connector_Coaxial:U.FL_Molex_MCRF_73412-0110_Vertical"," ~","C88374","","","",""
"","","J204","Conn_SMA","CosmicWatchPro:Conn_SMA","Connector_Coaxial:U.FL_Molex_MCRF_73412-0110_Vertical"," ~","C88374","","","",""
"","","J301","Conn_SMA","CosmicWatchPro:Conn_SMA","Connector_Coaxial:U.FL_Molex_MCRF_73412-0110_Vertical"," ~","C88374","","","",""
"","","J302","Conn_SMA","CosmicWatchPro:Conn_SMA","Connector_Coaxial:U.FL_Molex_MCRF_73412-0110_Vertical"," ~","C88374","","","",""
"","","J303","Conn_SMA","CosmicWatchPro:Conn_SMA","Connector_Coaxial:U.FL_Molex_MCRF_73412-0110_Vertical"," ~","C88374","","","",""
"","","J304","Conn_SMA","CosmicWatchPro:Conn_SMA","Connector_Coaxial:U.FL_Molex_MCRF_73412-0110_Vertical"," ~","C88374","","","",""
"","","J401","Conn_01x02","Connector_Generic:Conn_01x02","Connector_JST:JST_PH_B2B-PH-K_1x02_P2.00mm_Vertical","~","C225240","","","",""
"","","L401","47uH","Device:L","Inductor_SMD:L_1210_3225Metric_Pad1.42x2.65mm_HandSolder","~","C113070","","","",""
"","","R102","1k","Device:R","Resistor_SMD:R_0805_2012Metric_Pad1.20x1.40mm_HandSolder","~","C17513","","","",""
"","","R105","10k","Device:R","Resistor_SMD:R_0805_2012Metric_Pad1.20x1.40mm_HandSolder","~","C17414","","","",""
"","","R106","10k","Device:R","Resistor_SMD:R_0805_2012Metric_Pad1.20x1.40mm_HandSolder","~","C17414","","","",""
"","","R201","50","Device:R","Resistor_SMD:R_0805_2012Metric_Pad1.20x1.40mm_HandSolder","~","C2828807","","","",""
"","","R202","50","Device:R","Resistor_SMD:R_0805_2012Metric_Pad1.20x1.40mm_HandSolder","~","C2828807","","","",""
"","","R203","10","Device:R","Resistor_SMD:R_0805_2012Metric_Pad1.20x1.40mm_HandSolder","~","C96347","","","",""
"","","R204","150","Device:R","Resistor_SMD:R_0805_2012Metric_Pad1.20x1.40mm_HandSolder","~","C17471","","","",""
"","","R205","2.32k","Device:R","Resistor_SMD:R_0805_2012Metric_Pad1.20x1.40mm_HandSolder","~","C17522","","","",""
"","","R206","10k","Device:R","Resistor_SMD:R_0805_2012Metric_Pad1.20x1.40mm_HandSolder","~","C17414","","","",""
"","","R207","150","Device:R","Resistor_SMD:R_0805_2012Metric_Pad1.20x1.40mm_HandSolder","~","C17471","","","",""
"","","R208","1k","Device:R","Resistor_SMD:R_0805_2012Metric_Pad1.20x1.40mm_HandSolder","~","C17513","","","",""
"","","R209","100k","Device:R","Resistor_SMD:R_0805_2012Metric_Pad1.20x1.40mm_HandSolder","~","C149504","","","",""
"","","R210","10k","Device:R","Resistor_SMD:R_0805_2012Metric_Pad1.20x1.40mm_HandSolder","~","C17414","","","",""
"","","R211","100k","Device:R","Resistor_SMD:R_0805_2012Metric_Pad1.20x1.40mm_HandSolder","~","C149504","","","",""
"","","R212","100k","Device:R","Resistor_SMD:R_0805_2012Metric_Pad1.20x1.40mm_HandSolder","~","C149504","","","",""
"","","R213","100k","Device:R","Resistor_SMD:R_0805_2012Metric_Pad1.20x1.40mm_HandSolder","~","C149504","","","",""
"","","R301","50","Device:R","Resistor_SMD:R_0805_2012Metric_Pad1.20x1.40mm_HandSolder","~","C2828807","","","",""
"","","R302","50","Device:R","Resistor_SMD:R_0805_2012Metric_Pad1.20x1.40mm_HandSolder","~","C2828807","","","",""
"","","R303","10","Device:R","Resistor_SMD:R_0805_2012Metric_Pad1.20x1.40mm_HandSolder","~","C96347","","","",""
"","","R304","150","Device:R","Resistor_SMD:R_0805_2012Metric_Pad1.20x1.40mm_HandSolder","~","C17471","","","",""
"","","R305","2.32k","Device:R","Resistor_SMD:R_0805_2012Metric_Pad1.20x1.40mm_HandSolder","~","C17522","","","",""
"","","R306","10k","Device:R","Resistor_SMD:R_0805_2012Metric_Pad1.20x1.40mm_HandSolder","~","C17414","","","",""
"","","R307","150","Device:R","Resistor_SMD:R_0805_2012Metric_Pad1.20x1.40mm_HandSolder","~","C17471","","","",""
"","","R308","1k","Device:R","Resistor_SMD:R_0805_2012Metric_Pad1.20x1.40mm_HandSolder","~","C17513","","","",""
"","","R309","100k","Device:R","Resistor_SMD:R_0805_2012Metric_Pad1.20x1.40mm_HandSolder","~","C149504","","","",""
"","","R310","10k","Device:R","Resistor_SMD:R_0805_2012Metric_Pad1.20x1.40mm_HandSolder","~","C17414","","","",""
"","","R311","100k","Device:R","Resistor_SMD:R_0805_2012Metric_Pad1.20x1.40mm_HandSolder","~","C149504","","","",""
"","","R312","100k","Device:R","Resistor_SMD:R_0805_2012Metric_Pad1.20x1.40mm_HandSolder","~","C149504","","","",""
"","","R313","100k","Device:R","Resistor_SMD:R_0805_2012Metric_Pad1.20x1.40mm_HandSolder","~","C149504","","","",""
"","","R401","6.65k","Device:R","Resistor_SMD:R_0805_2012Metric_Pad1.20x1.40mm_HandSolder","~","C17770","","","",""
"","","R402","147k","Device:R","Resistor_SMD:R_0805_2012Metric_Pad1.20x1.40mm_HandSolder","~","C17462","","","",""
"","","R403","100","Device:R","Resistor_SMD:R_0805_2012Metric_Pad1.20x1.40mm_HandSolder","~","C17408","","","",""
"","","SW101","Digital_Rotary_Encoder_Switch","CosmicWatchPro:Digital_Rotary_Encoder_Switch","Connector_PinSocket_2.54mm:PinSocket_1x05_P2.54mm_Vertical","~","","","","",""
"","","TP201","AMP_{1}","Connector:TestPoint","TestPoint:TestPoint_Pad_D2.0mm","~","","","","",""
"","","TP202","AMP_{2}","Connector:TestPoint","TestPoint:TestPoint_Pad_D2.0mm","~","","","","",""
"","","TP203","GND","Connector:TestPoint","TestPoint:TestPoint_Pad_3.0x3.0mm","~","","","","",""
"","","TP301","AMP_{1}","Connector:TestPoint","TestPoint:TestPoint_Pad_D2.0mm","~","","","","",""
"","","TP302","AMP_{2}","Connector:TestPoint","TestPoint:TestPoint_Pad_D2.0mm","~","","","","",""
"","","TP303","GND","Connector:TestPoint","TestPoint:TestPoint_Pad_3.0x3.0mm","~","","","","",""
"","","TP401","TestPoint","Connector:TestPoint","TestPoint:TestPoint_Pad_3.0x3.0mm","~","","","","",""
"","","TP402","TestPoint","Connector:TestPoint","TestPoint:TestPoint_Pad_D2.0mm","~","","","","",""
"","","TP403","TestPoint","Connector:TestPoint","TestPoint:TestPoint_Pad_D2.0mm","~","","","","",""
"","","TP404","TestPoint","Connector:TestPoint","TestPoint:TestPoint_Pad_D2.0mm","~","","","","",""
"","","TP405","TestPoint","Connector:TestPoint","TestPoint:TestPoint_Pad_D2.0mm","~","","","","",""
"","","TP406","TestPoint","Connector:TestPoint","TestPoint:TestPoint_Pad_D2.0mm","~","","","","",""
"","","U101","Teensy4.1","CosmicWatchPro:Teensy4.1","CosmicWatchPro:Teensy4.1","","","SparkFun Electronics","4.07mm","4.1","Manufacturer recommendations"
"","","U201","LT1807","LT1807IMS8PBF:LT1807","Package_SO:MSOP-8_3x3mm_P0.65mm","","C665379","","","",""
"","","U202","LT1807","LT1807IMS8PBF:LT1807","Package_SO:MSOP-8_3x3mm_P0.65mm","","C665379","","","",""
"","","U301","LT1807","LT1807IMS8PBF:LT1807","Package_SO:MSOP-8_3x3mm_P0.65mm","","C665379","","","",""
"","","U302","LT1807","LT1807IMS8PBF:LT1807","Package_SO:MSOP-8_3x3mm_P0.65mm","","C665379","","","",""
"","","U401","TCR2EF","CosmicWatchPro:TCR2EF","Package_TO_SOT_SMD:SOT-23-5_HandSoldering","https://www.torexsemi.com/file/xc6220/XC6220.pdf","","","","",""
"","","U402","MAX5026","CosmicWatchPro:MAX5025","Package_TO_SOT_SMD:TSOT-23-6_HandSoldering","https://datasheets.maximintegrated.com/en/ds/MAX5025-MAX5028.pdf","C87603","","","",""
"","","U501","J1B12111CCD","CosmicWatchPro:LPJ4012AHNL","Connector_RJ:RJ45_Cetus_J1B1211CCD_Horizontal","","","","","",""



"Collated Components:"

"Item","Qty","Reference(s)","Value","LibPart","Footprint","Datasheet","LCSC","MANUFACTURER","MAXIMUM_PACKAGE_HEIGHT","PARTREV","STANDARD"
"1","1","BT401","Battery_Cell","Device:Battery_Cell","Connector_Molex:Molex_PicoBlade_53047-0210_1x02_P1.25mm_Vertical","~","C518987","","","",""
"2","1","BZ101","Buzzer","Device:Buzzer","Buzzer_Beeper:Buzzer_TDK_PS1240P02BT_D12.2mm_H6.5mm","~","C76871","","","",""
"3","8","C201, C204, C205, C207, C301, C304, C305, C307","10nF","Device:C","Capacitor_SMD:C_0805_2012Metric_Pad1.18x1.45mm_HandSolder","~","C24666","","","",""
"4","5","C202, C206, C302, C306, C501","0.1uF","Device:C","Capacitor_SMD:C_0805_2012Metric_Pad1.18x1.45mm_HandSolder","~","C89258","","","",""
"5","8","C203, C210, C303, C310, C401, C402, C403, C404","1uF","Device:C","Capacitor_SMD:C_0805_2012Metric_Pad1.18x1.45mm_HandSolder","~","C89190","","","",""
"6","4","C208, C209, C308, C309","13pF","Device:C","Capacitor_SMD:C_0805_2012Metric_Pad1.18x1.45mm_HandSolder","~","C501858","","","",""
"7","4","C211, C212, C311, C312","2nF","Device:C","Capacitor_SMD:C_0805_2012Metric_Pad1.18x1.45mm_HandSolder","~","C51574","","","",""
"8","2","C405, C406","1uF, 50V","Device:C","Capacitor_SMD:C_0805_2012Metric_Pad1.18x1.45mm_HandSolder","~","C111768","","","",""
"9","1","C407","10nF, 50V","Device:C","Capacitor_SMD:C_0805_2012Metric_Pad1.18x1.45mm_HandSolder","~","C83170","","","",""
"10","3","D101, D202, D302","BAS70XY","CosmicWatchPro:BAS70XY","CosmicWatchPro:SOT-666","~","C73592","","","",""
"11","2","D201, D301","SiPM_MICRORB−60035−MLP","CosmicWatchPro:SiPM_MICRORB−10035−MLP","CosmicWatchPro:SiPM_MICROFC-60035-SMT-HANDSOLDER","~","C905854","","","",""
"12","1","D401","D_Schottky","Device:D_Schottky","Diode_SMD:D_SOD-123","~","C1884550","","","",""
"13","2","J101, J103","Conn_01x05","Connector_Generic:Conn_01x05","Connector_PinHeader_2.54mm:PinHeader_1x05_P2.54mm_Vertical_SMD_Pin1Right","~","","","","",""
"14","2","J102, J104","Conn_01x07","Connector_Generic:Conn_01x07","Connector_PinHeader_2.54mm:PinHeader_1x07_P2.54mm_Vertical_SMD_Pin1Right","~","","","","",""
"15","2","J105, J107","Conn_01x05","Connector_Generic:Conn_01x05","Connector_PinSocket_2.54mm:PinSocket_1x05_P2.54mm_Vertical","~","","","","",""
"16","2","J106, J108","Conn_01x07","Connector_Generic:Conn_01x07","Connector_PinSocket_2.54mm:PinSocket_1x07_P2.54mm_Vertical","~","","","","",""
"17","1","J109","BMP280","Connector_Generic:Conn_01x04","Connector_PinSocket_2.54mm:PinSocket_1x04_P2.54mm_Vertical","~","","","","",""
"18","1","J110","Mini GPS","Connector_Generic:Conn_01x06","Connector_PinSocket_2.54mm:PinSocket_1x06_P2.54mm_Vertical","~","","","","",""
"19","1","J111","OLED","Connector_Generic:Conn_01x07","Connector_PinSocket_2.54mm:PinSocket_1x07_P2.54mm_Vertical","~","","","","",""
"20","1","J112","DS3231","Connector_Generic:Conn_01x05","Connector_PinHeader_2.54mm:PinHeader_1x05_P2.54mm_Vertical","~","","","","",""
"21","8","J201, J202, J203, J204, J301, J302, J303, J304","Conn_SMA","CosmicWatchPro:Conn_SMA","Connector_Coaxial:U.FL_Molex_MCRF_73412-0110_Vertical"," ~","C88374","","","",""
"22","1","J401","Conn_01x02","Connector_Generic:Conn_01x02","Connector_JST:JST_PH_B2B-PH-K_1x02_P2.00mm_Vertical","~","C225240","","","",""
"23","1","L401","47uH","Device:L","Inductor_SMD:L_1210_3225Metric_Pad1.42x2.65mm_HandSolder","~","C113070","","","",""
"24","3","R102, R208, R308","1k","Device:R","Resistor_SMD:R_0805_2012Metric_Pad1.20x1.40mm_HandSolder","~","C17513","","","",""
"25","6","R105, R106, R206, R210, R306, R310","10k","Device:R","Resistor_SMD:R_0805_2012Metric_Pad1.20x1.40mm_HandSolder","~","C17414","","","",""
"26","4","R201, R202, R301, R302","50","Device:R","Resistor_SMD:R_0805_2012Metric_Pad1.20x1.40mm_HandSolder","~","C2828807","","","",""
"27","2","R203, R303","10","Device:R","Resistor_SMD:R_0805_2012Metric_Pad1.20x1.40mm_HandSolder","~","C96347","","","",""
"28","4","R204, R207, R304, R307","150","Device:R","Resistor_SMD:R_0805_2012Metric_Pad1.20x1.40mm_HandSolder","~","C17471","","","",""
"29","2","R205, R305","2.32k","Device:R","Resistor_SMD:R_0805_2012Metric_Pad1.20x1.40mm_HandSolder","~","C17522","","","",""
"30","8","R209, R211, R212, R213, R309, R311, R312, R313","100k","Device:R","Resistor_SMD:R_0805_2012Metric_Pad1.20x1.40mm_HandSolder","~","C149504","","","",""
"31","1","R401","6.65k","Device:R","Resistor_SMD:R_0805_2012Metric_Pad1.20x1.40mm_HandSolder","~","C17770","","","",""
"32","1","R402","147k","Device:R","Resistor_SMD:R_0805_2012Metric_Pad1.20x1.40mm_HandSolder","~","C17462","","","",""
"33","1","R403","100","Device:R","Resistor_SMD:R_0805_2012Metric_Pad1.20x1.40mm_HandSolder","~","C17408","","","",""
"34","1","SW101","Digital_Rotary_Encoder_Switch","CosmicWatchPro:Digital_Rotary_Encoder_Switch","Connector_PinSocket_2.54mm:PinSocket_1x05_P2.54mm_Vertical","~","","","","",""
"35","2","TP201, TP301","AMP_{1}","Connector:TestPoint","TestPoint:TestPoint_Pad_D2.0mm","~","","","","",""
"36","2","TP202, TP302","AMP_{2}","Connector:TestPoint","TestPoint:TestPoint_Pad_D2.0mm","~","","","","",""
"37","2","TP203, TP303","GND","Connector:TestPoint","TestPoint:TestPoint_Pad_3.0x3.0mm","~","","","","",""
"38","1","TP401","TestPoint","Connector:TestPoint","TestPoint:TestPoint_Pad_3.0x3.0mm","~","","","","",""
"39","5","TP402, TP403, TP404, TP405, TP406","TestPoint","Connector:TestPoint","TestPoint:TestPoint_Pad_D2.0mm","~","","","","",""
"40","1","U101","Teensy4.1","CosmicWatchPro:Teensy4.1","CosmicWatchPro:Teensy4.1","","","SparkFun Electronics","4.07mm","4.1","Manufacturer recommendations"
"41","4","U201, U202, U301, U302","LT1807","LT1807IMS8PBF:LT1807","Package_SO:MSOP-8_3x3mm_P0.65mm","","C665379","","","",""
"42","1","U401","TCR2EF","CosmicWatchPro:TCR2EF","Package_TO_SOT_SMD:SOT-23-5_HandSoldering","https://www.torexsemi.com/file/xc6220/XC6220.pdf","","","","",""
"43","1","U402","MAX5026","CosmicWatchPro:MAX5025","Package_TO_SOT_SMD:TSOT-23-6_HandSoldering","https://datasheets.maximintegrated.com/en/ds/MAX5025-MAX5028.pdf","C87603","","","",""
"44","1","U501","J1B12111CCD","CosmicWatchPro:LPJ4012AHNL","Connector_RJ:RJ45_Cetus_J1B1211CCD_Horizontal","","","","","",""
